金融学科体系中的内容由来自不同学科的理论如何解释？,金融学科体系中的内容往往包含不同学科的理论，从不同的视角来解释金融学问题。有些以《金融学》为名的书籍实际是以《货币银行学》教材的内容命名，也有以《金融学》命名的书籍在内容上讲的是关于微观金融运行，特别是有关金融市场的学问。这样带来了对“金融”不同含义的困扰。
金融学科的基本内容主要分为哪些部分？,金融学科的基本内容以对有关金融诸范畴的理论论证为主，包括关于货币、信用、利息与利率、汇率等范畴的剖析和论证；对金融的微观分析，包括金融市场的分析、金融中介机构的分析，以及金融功能分析；对金融的宏观分析，包括货币需求与供给、利率和汇率的形成，通货膨胀与通货紧缩，金融危机等宏观调控政策的配合，以及国际金融等。
20世纪50年代初，金融学科体系是否包括了财政学和公司理财学？,20世纪50年代初，金融学科体系包含财政学和公司理财学。在中国，当时称之为“大财政”，并把苏联的PHHaHCbI等同于金融。
金融学科内容的不同命名形式如何影响人们对金融学的理解？,金融学科内容的不同命名形式容易使人产生困惑。由于对“金融”存在着不同的用法，涉及金融的学科有同一的名称而内容不同；也有同一的内容，可以有不同的名称，这会使人理解金融学的概念时产生混淆。
说明《金融经济学》的学科内容以及与《金融学》是否相似？,《金融经济学》的译名称之为金融经济学，是讲的内容是金融市场和金融机构，与《金融学》的内容较为相似。
金融学如何包含了西方的财政学和公司理财学？,在西方讲金融学科时，把财政学和公司理财学包含在金融学科体系之内。这反映了金融学从最宽的理解出发，不仅包含了货币金融学的范畴，也包含了“大财政”和公司理财学的内容。
金融学内容的多元性如何造成学术困扰？,金融学内容的多元性使人们很容易受到学术困扰。在同名的标题下，内容相差很大，而不同标题下的内容却可能是类似的，这带来了对金融学学科具体内容的困惑。
在金融学的基础内容中，对金融的宏观分析包括哪些内容？,金融的宏观分析主要包括货币供求、市场均衡、通货膨胀与通货紧缩、国际金融等内容。货币需求与供给、利率和汇率的形成，虚拟经济与实体经济，货币政策及与财政政策等宏观调控政策的配合也是在其中。
金融学不包含财政学和公司理财学的定义是如何做出的？,金融学不包含财政学和公司理财学，但又不限于资本市场学的定义，在其理论部分的内容中是基于对“金融”最宽的理解出发，包括对金融诸范畴的理论论证、金融的微观分析和宏观分析。
在金融学科体系中，理论包括哪三个主要方面？,金融学科体系的理论主要包括对金融诸范畴的理论论证，包括货币、信用、利息、利率、汇率以及金融本身等范畴的研究，对金融的微观分析和宏观分析。
在金融的微观分析中主要包括哪几方面？,金融的微观分析主要包括：1）对金融市场的分析，2）对金融中介机构的分析，3）论证金融市场与金融中介机构相互渗透的必然趋势，4）进行金融功能分析，即通过揭示稳定的金融功能来探讨金融在经济生活中的地位等。
金融的宏观分析包括哪些方面的内容？,金融的宏观分析主要包括货币需求与货币供给，货币均衡与市场均衡，利率形成与汇率形成，通货膨胀与通货紧缩，金融危机，国际资本流动与国际金融振荡，名义经济与实际经济，虚拟经济与实体经济，货币政策及其与财政政策等宏观调控政策的配合，国际金融的制度安排与国际宏观政策的协调等。
"金融学科体系中的""金融经济学""和""货币经济学""分别涉及怎样的分析内容？","""金融经济学""主要包括金融的微观分析层面；而""货币经济学""属于宏观经济学的一部分，涉及货币的宏观分析。"
西方经济学界普遍如何对待金融学领域的命名？,"近年来，国外经济学界普遍将“finance”（金融）作为一个较窄的领域，不包括宏观分析，这导致了""金融经济学""和""货币经济学""的区分。"
"为什么""货币经济学""被认为是独立的学科存在？","""货币经济学""作为独立的学科存在，是因为它作为宏观经济学的一部分，不会因为总体的宏观经济学的存在而失去自身存在的理由，且其研究对象与金融经济学不同。"
宏观经济学与金融领域的联系是怎样的？,宏观经济学中有关金融的部分是从经济整体的角度考察金融的侧面，目的是为了全面地把握经济整体。而金融领域内部，宏观分析与微观分析有直接的紧密联系。
关于金融领域的学者对于宏观经济问题的钻研有何局限性？,金融领域的学者对宏观经济问题的钻研会很大程度上受到限制，不能无限制地扩展和深入，这也限定了对金融问题的深层次研究。
金融的宏观分析相对于宏观经济学的局限性在哪里？,金融的宏观分析相对于宏观经济学的局限性体现在限定性和受制于总体框架的约束，同时受到了对整体经济的宏观分析的限制。
金融学与货币经济学的关系是怎样的？,货币经济学是宏观经济学的一部分，独立性相当强，它和金融学不是同一门学科，不同于金融学的微观分析层面。
宏观经济学和货币经济学的关系是怎么样的？,宏观经济学是对整个经济的宏观分析，虽有关金融的部分，但更多从经济整体的角度考察金融的侧面，而货币经济学则不因宏观经济学的存在而失去作为独立学科的理由。
为什么货币经济学作为独立学科存在的理由是什么？,货币经济学作为独立学科存在的理由是因为作为金融宏观分析的学问，具有在宏观经济学的旁边独立存在的理由，货币经济学它的内容特别是在深度上具有独立存在的理由。
货币银行学与货币经济学的联系是怎样的？,货币银行学是一门学科，对金融的宏观分析层面和微观分析层面进行结合，因此货币银行学包含有金融的宏观方面和微观方面的内容。
货币银行学的历史渊源是怎样的？,货币银行学最早的教材可追溯到20世纪20年代，那时的教程包含了金融的宏观方面和微观方面的内容，虽然内容相较今天较为简略。
货币银行学的内涵是怎样的？,货币银行学包含了金融的宏观方面和微观方面的内容，对于不可分割的微观与宏观两个金融层面在内容上有着直接的紧密联系。
货币银行学与货币学的关系是怎么样的？,货币银行学实际上是半部货币经济学，包含有金融的宏观方面和微观方面的内容，和货币学有着密切的联系。
20世纪40年代末货币学是如何形成定型的？,20世纪40年代末货币学的形成定型，来源于苏联引进的教材以及西方国家的货币银行学。
在20世纪30年代经济学开始区分为宏观和微观两个部分之前，“货币银行学”作为一门学科的存在形式是怎样的？,“货币银行学”是早在20世纪30年代就已形成独立学科，这门学科既包含有金融的宏观方面和微观方面的内容。
早期中文《货币银行学》教程的发展历程是什么？,20世纪30年代的《货币银行学》教程追溯到1923年在清华大学开设“货币银行学讲座”，并在20世纪40年代末有教授李达的《货币学概论》发展为半部货币银行学，而后从国外翻译过来的最早的一本是美国的教材—-由菜·威·钱得勒和斯·姆·哥尔特菲 最具权威性。这些教材代表了早期中国观念的货币银行学发展历程。
20世纪70年代前后具有权威性的一本教材体现了怎样的特点？,20世纪70年代前后具有权威性的一本教材体现了经济学的发展，代表了当时货币银行学的发展水平。该教材具有清晰明了的宏观分析思路和微观分析思路，反映了货币银行学的进步。
"“The Economics of Money,Banking, and Financial Markets”这一教材的书名变动体现了什么？","教材的书名变动从《The Economics of Money and Banking》发展为《The Economics	of Money,Banking, and Financial Markets》，反映出金融市场在近几十年的飞速发展以及金融市场理论研究的巨大成就。"
传统的货币银行学教程的发展脉络是怎样的？,从《货币银行学》到《货币银行经济学》再到《货币、银行、金融市场学》，货币银行学不断调整、增补，有明显的提高。这表明传统的货币银行学经历了不断调整和提高，有清晰的传承脉络。
《金融学》与《货币银行学》的名称变动和英文译名的差异体现了怎样的变化？,《金融学》直接由1992年出版的《货币银行学》和1999年后的第二版发展而来。虽然变动极大，但基本内容的构成和组织架构没有变化。这种变化体现了对“金融”概念的不断深化和扩展，从传统的货币银行学到现代金融学，英文译名由Money and Banking逐渐演变为Economics of Money and Finance。
为什么这本教材的书名从最初的《货币、银行、金融市场学》改为《货币金融学》？,书名最终定名为《货币金融学》，是因为对“金融”的界定是立足于中国多年来形成的观念。根据这一观念，金融是关于货币和金融市场的学科，因此用《货币金融学》名称更为简单易懂。
《金融学》的英文译名为什么定为Economics of Money and Finance而不是Finance或Financial Economics？,《金融学》的英文译名定为Economics of Money and Finance，是为了更准确地表达内容。它不仅涉及金融微观分析的范畴，也包括金融宏观分析的内容，兼及金融的全方位学科体系。
这本教材的书名变化如何体现对“古老”的货币银行学的调整和提高？,教材从最初的《货币、银行、金融市场学》逐渐变为《金融学》，这种书名的变化体现了对传统货币银行学的不断调整和提高。这种调整和提高是为了适应时代的需求，更好地反映现代金融学的内涵和广度。
教材的书名变化中关于国外同类教材名称变迁的描述，是为了强调什么？,"教材的书名变化中关于国外同类教材名称变迁的描述，是为了强调货币银行学已经在国外经历了多次变化，从Money and Banking到The Economics of Money, Banking, and Financial Markets。这使得传统的名称“货币银行学”看起来显得有些古老。"
在本教材的书名变化中，为什么舍弃了传统的《货币银行学》名称？,舍弃传统的《货币银行学》名称的原因是基于国外经验，和据中国习惯形成的金融观念。这体现了中国金融学界希望把“金融”的涵义扩大为包括金融宏观分析和金融微观分析。
本教材的出版变迁中，对教材名称变化的解释体现了金融学意识的怎样变化？,对教材名称变化的解释体现了金融学意识从传统的货币银行学逐渐向现代金融学的延伸和深化。这体现了广义金融学意识的提升和拓展。
这本教材的出版变迁如何反映了金融学科的发展历程？,这本教材的出版变迁清晰地反映了金融学科的发展历程，即从传统的货币银行学到现代的金融学。这表明金融学科内容的不断丰富和延伸，从而体现了金融学的动态性和时代性。
这本教材与同类教材的对比如何反映了教材内容的变更和差异？,与同类教材的对比清晰地反映了教材内容的变更，特别是在名称变化上。从《货币、银行、金融市场学》到《金融学》，教材的名称变化反映了内涵和内容的变化。
什么是货币债权和货币债务？这种产生是如何孕育了金融活动的？,货币债权是指拥有多余货币，暂时不需支用的情况；货币债务是指在周转中需要货币，无货币时所需的借款。这种产生导致了个人的货币债权和货币债务，以及银行、证券市场等金融活动。
货币在国际交往中的收支和国内有哪些不同？请从货币的使用方面进行阐述,国际间的贸易行为中，出口商品和服务要收款，进口商品和服务要付款，但收付款所用的货币却与国内有不同。在国内，收付款项一律是使用本国主权货币，而在国际贸易中，大多要使用国际通行货币进行收付款。
金融学主要包括哪些主题和范畴？,金融学主要包括货币、信用和金融市场等主题。它在深度上探讨货币在经济生活中的作用，以及信用与金融市场等在金融体系中的重要性。
在现代经济生活中，货币对个人和家庭的经济活动有何作用？,在现代经济生活中，货币对个人和家庭的经济活动具有至关重要的作用。个人和家庭会从不同来源取得货币收入，用货币进行日常生活和用于金融投资。同时，货币收支也可能产生个人的货币债权和债务。
货币对公司、企业以及国家的经济活动有怎样的影响？,货币对公司、企业以及国家的经济活动也具有重要影响。公司、企业在生产、流通中都是伴随着货币的收收付付。在现代经济中，财政收支也几乎完全采用货币形式，支出和投资也通常以货币进行。国家的财政方面，大家熟知的国债就是国家借款的称谓。
简述货币与货币制度的重要性及作用,货币制度在经济中扮演着至关重要的角色。家庭与个人用货币来保证生活需要。公司和企业生产、流通运转也伴随着货币的收收付付。国家财政的支出、赋税也都要用货币来进行。货币的流动和债务的产生孕育了金融活动的产生。
货币的收支与个人、公司、国家的金融投资和经济活动有何关联？,个人、公司和国家有多余的货币则可进行金融投资，而自己的货币不足以满足支出时就产生了金融活动的需求。公司、企业的周转中如果需要货币就会借款，而多余的货币暂时不需要支用则可进行货币贷出，转化为货币债权。货币的收支与个人、公司、国家的金融活动紧密相连。
根据文章，你能通过货币的收支宏观的和微观的两个角度说明货币在日常经济生活中的作用吗？,从宏观角度看，货币的收支已构成了整个经济的活动。从微观角度来看，每个家庭、每个公司都需要货币进行收支。无论多余或是不足的货币都会产生金融活动的关联，如投资、借贷等。货币的收支构成了整个经济的动态。
金融学体系中的货币、信用和金融市场是如何相互关联的？,货币、信用和金融市场是金融学体系中核心的组成部分。货币作为金融交易的流通媒介之一，在金融市场中扮演着重要作用。而信用制度则是金融体系中的一种重要结构，货币和信用制度的相互关联构成了金融市场体系的发展基础。
家信用和国债的关系是什么？,家信用和国债都属于债权债务关系中的子概念。而国债就是国家借款的一种特殊形式，故家信用正是国家信用的一种组成部分。
银行的业务活动中包括哪些内容？,银行的全部业务活动包括货币的存、取、借、贷。
外汇的定义是什么？,外汇定义为针对国际交往中的货币收支而言，远的货币统称为外汇。对于中国居民而言，外汇是指外国的货币；对于其他国家的居民而言，也将其他国家的货币称为外汇。
货币流通的含义是什么？,货币流通指的是经济生活中各类货币收支的关系，它连绵不断且割裂不开，通常指交易双方在货币收支过程中的耦合相互关系。
货币是如何起源的？,货币是几千年前才开始出现在人类社会中的，它与交换联系在一起。在ancient Egypt的壁画中和中国古籍中，都有物物直接交换和通过媒介交换的情景。
外汇市场的主要交易活动？,外汇市场中的主要交易活动包括资产类工具(例如定期存款、零存整取、国债等)，服务类工具(例如货币代理和资金直接购买等)。
货币在对外交往中的不同特点是什么？,对外的货币收支与国内的货币收支有很大区别。比如，国际贸易是国际交往中最基本的领域，出口和进口商品交易所用的货币在国际和国内不同。
国际贸易中收款和付款所用的货币有何不同的？,在国际贸易中，对进口商品和服务的付款以及对出口商品和服务的收款，在大多数情况下使用国际通行的货币进行。这与国内的货币收支有所不同。
交易双方的收支关系是如何分布的？,货币的收支关系是交易双方彼此相互关联的，比如个人、家庭的货币支出是经营单位的货币收入，经营单位的货币支出又是个人、家庭的货币收入。
货币流通的连绵不断、割裂不开的过程叫做什么？,货币流通的连绵不断、割裂不开的过程通常称为货币流通。
在史料记载和考古发掘中，交换经历了哪两个发展阶段？,在史料的记载和考古的发掘中，交换经历了物物直接交换阶段和通过媒介的交换阶段。
货币是从哪种方式的交换中演化而来的？,货币是从通过媒介的交换中演化而来的，即先将自己的物品换成作为媒介的物品，再用这种媒介物品交换所需要的物品。
古埃及壁画中描绘了什么样的交换情景？,古埃及壁画中描绘了物物交换的情景，以及用瓦罐换鱼、用一捆葱换一把扇子等情景。
中国古书中如何描述物物交换情形？,中国古书中描述了神农氏时期的“日中为市，致天下之民，聚天下之货，交易而退，各得其所”，反映了物物交换的情形。
货币的起源与货币理论有哪两种具有代表性的观点？,货币的起源与货币理论有先王选定某些难得的、贵重的物品为货币的观点，以及货币产生于交换的发展之中的观点。
马克思在分析货币起源时是从哪两个方面入手的？,马克思在分析货币起源时从商品和商品交换入手，考察了远古的原始共同体和劳动产品在共同体所有和私有制下的发展过程。
在远古原始共同体中，为什么并不存在商品和货币？,在远古原始共同体中，并不存在商品和货币，是因为劳动产品属于整个共同体所有，并由共同体统一分配，不存在私有财产和商品交换。
马克思是如何分析货币起源的？,马克思是从商品和商品交换入手分析货币起源的，强调了社会分工和私有制的出现，以及劳动产品从共同体所有转变为私有产权。
根据司马迁的论断，《史记 ·平准书》中是如何解释货币产生的？,司马迁在《史记 ·平准书》中提出，货币产生于交换的发展之中。他认为，农工商交易之路通，货币因此产生。这一观点强调了货币产生与社会交换活动的内在联系。
马克思如何从商品和商品交换着手分析货币的起源？,马克思分析货币起源时，从商品和商品交换的角度出发。他认为，在远古的原始共同体中，由于共同体统一分配劳动产品，不存在商品和货币。然而，随着社会分工和私有制的出现，商品和商品交换的需求逐渐形成，从而催生了货币的出现。
货币进入人类生活的本质联系强调了什么？,强调了货币进入人类生活的本质联系，既不能仅仅用人们的共同信用或先王的意旨来解释，也不能从理论系统的、科学的角度来完全论证，必须首先把商品经济发展的背景充分展开，才能完成对货币本质联系的理论认识。
货币的产生是否一定要依靠特定人们的共同信用或者先王的意旨？,根据文中的论断，货币的产生不一定仅依靠特定人们的共同信用或者先王的意旨，司马迁的论断以及强调了强调了客观经济生活发展的必然，强调了货币产生的内在客观联系。
马克思是如何说明社会需求如何由生产者所生产的多种多样的产品来满足？,根据文中的论断，马克思认为随着社会分工和私有制的出现，每个生产者只从事某种特定的具体劳动，生产一种或有限几种产品，而整个社会的需求通过各种不同的具体劳动所生产的多种多样的产品来满足。
认识货币的本质联系有待于什么条件之下才能够完成？,根据文中的观点，认识货币的本质联系有待于商品经济发展的背景充分展开之后才能够完成。
价格的倒数是如何定义的？,根据文本，价格的倒数是货币的购买力，即价格越高，货币购买力越低，反之亦然。货币购买力反映了货币单位能够购买的商品数量，是对所有商品价格的综合倒数。
如何解释马克思从商品和商品交换着手分析货币走向的观点？,根据文中的观点，马克思从商品和商品交换的角度出发，认为货币的产生源于远古的原始共同体中，到后来商品和商品交换的需要逐渐形成，从而催生了货币的出现。
何为马克思质疑了的货币产生观点？,根据文中的观点，马克思质疑了货币产生的观点，认为先王选定某些难得的、贵重的物品为货币，并不足以解释货币为何必然进入人类生活的本质联系，并且需要从商品经济发展的角度出发进行分析。
